swc_node_id,neuron_section_index,source_section,source_region,parent_section,parent_x,depth,swc_type,prox_x,prox_y,prox_z,prox_diam,dist_x,dist_y,dist_z,dist_diam,length_um
2,0,soma,soma,,,0,1,0,0,0,14.398,32.3955,0,0,14.398,32.3955
3,1,axHill,axHillock,soma,0.5,1,6,0,0,0,4.75,5,0,0,4.75,5
4,2,p3[0],proxDend,soma,0.5,1,4,0,0,0,2.978,1.177,-10.178,-0.714,2.978,10.2706771442
5,3,p2[0],proxDend,soma,0.5,1,4,0,0,0,2.669,-7.168,-2.696,-1.5135,2.669,7.80636421454
6,4,p1[0],proxDend,soma,0.5,1,4,0,0,0,2.52,-1.708,15.872,6.12,2.52,17.0965507632
7,5,p0[0],proxDend,soma,0.5,1,4,0,0,0,3.84,0.11,10.37,13.275,3.84,16.8456114463
8,6,axIS[0],axIniSeg,axHill,1,2,2,5,0,0,1.5,7,0,0,1.5,2
9,7,p3[1],proxDend,p3[0],1,2,3,1.177,-10.178,-0.714,2.33,-3.37,-21.31,3.57,2.33,12.7651591843
10,8,p2[1],proxDend,p2[0],1,2,3,-7.168,-2.696,-1.5135,1.74,-6.28,-14.98,-1.53,1.74,12.3160656157
11,9,p1[1],proxDend,p1[0],1,2,3,-1.708,15.872,6.12,2.283,-4.443,23.322,17.865,2.283,14.1748985887
12,10,p0b2[0],proxDend,p0[0],1,2,3,0.11,10.37,13.275,2.56,-2.68,16.3,13.785,2.56,6.57336291406
13,11,p0b1[0],proxDend,p0[0],1,2,3,0.11,10.37,13.275,2.328,4.36,23.612,16.431,2.328,14.2609045996
14,12,axIS[1],axIniSeg,axIS[0],1,3,6,7,0,0,1.5,9,0,0,1.5,2
15,13,p3b2[0],proxDend,p3[1],1,3,4,-3.37,-21.31,3.57,2.09,-1.16,-24.88,4.755,2.09,4.36270844774
16,14,p3b1[0],proxDend,p3[1],1,3,4,-3.37,-21.31,3.57,2.457,-6.549,-31.33,8.505,2.457,11.61295251
17,15,p2b2[0],proxDend,p2[1],1,3,4,-6.28,-14.98,-1.53,1.264,-11.037,-20.603,2.895,1.264,8.59231069038
18,16,p2b1[0],proxDend,p2[1],1,3,4,-6.28,-14.98,-1.53,1.802,-16.843,-17.286,1.53,1.802,11.2364676389
19,17,p1[2],proxDend,p1[1],1,3,4,-4.443,23.322,17.865,1.943,-11.604,33.552,22.628,1.943,13.3648415628
20,18,p0b2b2[0],proxDend,p0b2[0],1,3,4,-2.68,16.3,13.785,1.803,-1.694,27.053,16.66,1.803,11.1742932662
21,19,p0b2b1[0],proxDend,p0b2[0],1,3,4,-2.68,16.3,13.785,2.21,-4.42,24.48,20.925,2.21,10.9963448473
22,20,p0b1[1],proxDend,p0b1[0],1,3,4,4.36,23.612,16.431,1.952,5.037,36.554,22.445,1.952,14.2871231884
23,21,axIS[2],axIniSeg,axIS[1],1,4,2,9,0,0,1.5,11,0,0,1.5,2
24,22,p3b2b2[0],proxDend,p3b2[0],1,4,3,-1.16,-24.88,4.755,2.587,-2.283,-26.725,1.767,2.587,3.68690900349
25,23,p3b2b1[0],proxDend,p3b2[0],1,4,3,-1.16,-24.88,4.755,1.63,3.84,-32.14,17.355,1.63,15.3775030483
26,24,p3b1[1],proxDend,p3b1[0],1,4,3,-6.549,-31.33,8.505,1.4,-10.35,-38.93,12.75,1.4,9.49882234806
27,25,p2b2[1],proxDend,p2b2[0],1,4,3,-11.037,-20.603,2.895,1.224,-11.059,-30.613,1.53,1.224,10.1026634607
28,26,p2b1[1],proxDend,p2b1[0],1,4,3,-16.843,-17.286,1.53,1.16,-24.42,-23.85,3.735,1.16,10.2644556602
29,27,p1[3],proxDend,p1[2],1,4,3,-11.604,33.552,22.628,1.86,-8.14,45.5,26.37,1.86,12.9906337028
30,28,p0b2b2[1],proxDend,p0b2b2[0],1,4,3,-1.694,27.053,16.66,1.848,-3.598,30.808,28.398,1.848,12.4701998781
31,29,p0b2b1b2[0],proxDend,p0b2b1[0],1,4,3,-4.42,24.48,20.925,1.778,-2.365,32.88,17.355,1.778,9.3556360019
32,30,p0b2b1b1[0],proxDend,p0b2b1[0],1,4,3,-4.42,24.48,20.925,2.211,-14.574,28.63,21.27,2.211,10.9747547125
33,31,p0b1[2],proxDend,p0b1[1],1,4,3,5.037,36.554,22.445,2.098,8.383,46.695,31.313,2.098,13.8808148536
34,32,axIS[3],axIniSeg,axIS[2],1,5,6,11,0,0,1.5,13,0,0,1.5,2
35,33,p3b2b2[1],proxDend,p3b2b2[0],1,5,4,-2.283,-26.725,1.767,0.908,-0.576,-34.852,3.405,0.908,8.46433824938
36,34,p3b2b1b2[0],proxDend,p3b2b1[0],1,5,4,3.84,-32.14,17.355,2.322,6.461,-34.814,24.015,2.322,7.64038722841
37,35,p3b2b1b1[0],proxDend,p3b2b1[0],1,5,4,3.84,-32.14,17.355,1.691,3.046,-40.397,12.075,1.691,9.83294894729
38,36,p3b1b2[0],proxDend,p3b1[1],1,5,4,-10.35,-38.93,12.75,1.582,-4.518,-45.356,14.97,1.582,8.95734893816
39,37,p3b1b1[0],proxDend,p3b1[1],1,5,4,-10.35,-38.93,12.75,1.394,-17.57,-33.831,15.315,1.394,9.20366372702
40,38,p2b2[2],proxDend,p2b2[1],1,5,4,-11.059,-30.613,1.53,1.189,-11.944,-41.032,3.735,1.189,10.6864779511
41,39,p2b1b2[0],proxDend,p2b1[1],1,5,4,-24.42,-23.85,3.735,1.753,-29.88,-19.706,5.7735,1.753,7.15121096389
42,40,p2b1b1[0],proxDend,p2b1[1],1,5,4,-24.42,-23.85,3.735,1.16,-21.63,-19.18,10.41,1.16,8.61095958648
43,41,p1b2[0],proxDend,p1[3],1,5,4,-8.14,45.5,26.37,1.28,-7.324,47.018,39.65,1.28,13.3913621413
44,42,p1b1[0],proxDend,p1[3],1,5,4,-8.14,45.5,26.37,1.598,-15.795,51.463,32.992,1.598,11.7476498926
45,43,p0b2b2[2],proxDend,p0b2b2[1],1,5,4,-3.598,30.808,28.398,2.172,-7.938,32.613,32.325,2.172,6.12494522424
46,44,p0b2b1b2[1],proxDend,p0b2b1b2[0],1,5,4,-2.365,32.88,17.355,1.355,-3.608,43.655,20.07,1.355,11.1810956082
47,45,p0b2b1b1[1],proxDend,p0b2b1b1[0],1,5,4,-14.574,28.63,21.27,2.084,-24.157,27.871,24.798,2.084,10.2399586913
48,46,p0b1[3],proxDend,p0b1[2],1,5,4,8.383,46.695,31.313,2.11,10.208,57.55,36.75,2.11,12.2769140667
49,47,axIS[4],axIniSeg,axIS[3],1,6,2,13,0,0,1.5,15,0,0,1.5,2
50,48,p3b2b2[2],proxDend,p3b2b2[1],1,6,3,-0.576,-34.852,3.405,0.853,-1.653,-42.843,1.0305,0.853,8.40560885659
51,49,p3b2b1b2[1],proxDend,p3b2b1b2[0],1,6,3,6.461,-34.814,24.015,2.434,9.546,-36.895,29.25,2.434,6.42285069109
52,50,p3b2b1b1[1],proxDend,p3b2b1b1[0],1,6,3,3.046,-40.397,12.075,1.579,5.981,-45.739,19.599,1.579,9.68306588845
53,51,p3b1b2[1],proxDend,p3b1b2[0],1,6,3,-4.518,-45.356,14.97,1.565,-6.472,-53.603,19.05,1.565,9.40624925249
54,52,p3b1b1[1],proxDend,p3b1b1[0],1,6,3,-17.57,-33.831,15.315,1.16,-26.28,-32.94,12.75,1.16,9.12344266163
55,53,p2b2[3],proxDend,p2b2[2],1,6,3,-11.944,-41.032,3.735,1.033,-8.991,-50.833,3.735,1.033,10.2362009554
56,54,p2b1b2[1],proxDend,p2b1b2[0],1,6,3,-29.88,-19.706,5.7735,1.449,-34.947,-22.47,6.63,1.449,5.835047322
57,55,p2b1b1b2[0],proxDend,p2b1b1[0],1,6,3,-21.63,-19.18,10.41,0.936,-27.184,-22.038,19.458,0.936,10.9946070416
58,56,p2b1b1b1[0],proxDend,p2b1b1[0],1,6,3,-21.63,-19.18,10.41,1.469,-21.829,-24.66,11.73,1.469,5.64024831014
59,57,p1b2[1],proxDend,p1b2[0],1,6,3,-7.324,47.018,39.65,1.4,-7.91,54.02,46.095,1.4,9.53464341231
60,58,p1b1[1],proxDend,p1b1[0],1,6,3,-15.795,51.463,32.992,1.415,-21.246,56.736,34.119,1.415,7.66733715184
61,59,p0b2b2[3],proxDend,p0b2b2[2],1,6,3,-7.938,32.613,32.325,1.05,-10.58,36.92,38.955,1.05,8.33590504984
62,60,p0b2b1b2[2],proxDend,p0b2b1b2[1],1,6,3,-3.608,43.655,20.07,1.373,-5.554,53.414,21.78,1.373,10.0969845499
63,61,p0b2b1b1[2],proxDend,p0b2b1b1[1],1,6,3,-24.157,27.871,24.798,1.798,-34.056,28.393,27.736,1.798,10.3389810426
64,62,p0b1[4],proxDend,p0b1[3],1,6,3,10.208,57.55,36.75,1.74,12.9,67.97,33,1.74,11.39674357
65,63,axIS[5],axIniSeg,axIS[4],1,7,6,15,0,0,1.5,17,0,0,1.5,2
66,64,p3b2b2[3],proxDend,p3b2b2[2],1,7,4,-1.653,-42.843,1.0305,0.786,-2.447,-50.551,0.267,0.786,7.78631056727
67,65,p3b2b1b2[2],proxDend,p3b2b1b2[1],1,7,4,9.546,-36.895,29.25,1.219,13.84,-42.548,38.529,1.219,11.6830940251
68,66,p3b2b1b1[2],proxDend,p3b2b1b1[1],1,7,4,5.981,-45.739,19.599,1.457,6.646,-52.399,27.599,1.457,10.4306195885
69,67,p3b1b2[2],proxDend,p3b1b2[1],1,7,4,-6.472,-53.603,19.05,1.456,-8.257,-61.827,22.59,1.456,9.12973170471
70,68,p3b1b1b2[0],proxDend,p3b1b1[1],1,7,4,-26.28,-32.94,12.75,0.776,-33.167,-33.256,11.73,0.776,6.96929157088
71,69,p3b1b1b1[0],proxDend,p3b1b1[1],1,7,4,-26.28,-32.94,12.75,1.25,-30.611,-30.863,8.85,1.25,6.18720373028
72,70,p2b2[4],proxDend,p2b2[3],1,7,4,-8.991,-50.833,3.735,0.81,-6.86,-59.67,4.755,0.81,9.14735644872
73,71,p2b1b2[2],proxDend,p2b1b2[1],1,7,4,-34.947,-22.47,6.63,1.054,-42.638,-20.758,12.333,1.054,9.7265941624
74,72,p2b1b1b2[1],proxDend,p2b1b1b2[0],1,7,4,-27.184,-22.038,19.458,1.404,-25.23,-25.484,25.781,1.404,7.46145836951
75,73,p2b1b1b1[1],proxDend,p2b1b1b1[0],1,7,4,-21.829,-24.66,11.73,0.81,-23.84,-29.61,11.22,0.81,5.36718930167
76,74,p1b2b2[0],distDend,p1b2[1],1,7,4,-7.91,54.02,46.095,1.318,-4.281,57.838,49.176,1.318,6.10240329706
77,75,p1b2b1[0],distDend,p1b2[1],1,7,4,-7.91,54.02,46.095,1.569,-10.35,62.312,47.625,1.569,8.77791341949
78,76,p1b1[2],proxDend,p1b1[1],1,7,4,-21.246,56.736,34.119,1.54,-20.502,63.164,36.75,1.54,6.98533327766
79,77,p0b2b2b2[0],proxDend,p0b2b2[3],1,7,4,-10.58,36.92,38.955,1.403,-9.248,44.294,44.4,1.403,9.26272772999
80,78,p0b2b2b1[0],proxDend,p0b2b2[3],1,7,4,-10.58,36.92,38.955,1.021,-7.532,37.28,45.423,1.021,7.15925470981
81,79,p0b2b1b2[3],proxDend,p0b2b1b2[2],1,7,4,-5.554,53.414,21.78,1.219,-7.205,64.539,23.229,1.219,11.3397983668
82,80,p0b2b1b1[3],proxDend,p0b2b1b1[2],1,7,4,-34.056,28.393,27.736,1.778,-40.34,37.195,27.225,1.778,10.8270485821
83,81,p0b1b2[0],proxDend,p0b1[4],1,7,4,12.9,67.97,33,1.63,14.3,71.54,37.77,1.63,6.12027777147
84,82,p0b1b1[0],distDend,p0b1[4],1,7,4,12.9,67.97,33,1.431,21.045,68.362,36.855,1.431,9.01974024016
85,83,axIS[6],axIniSeg,axIS[5],1,8,2,17,0,0,1.5,19,0,0,1.5,2
86,84,p3b2b2[4],proxDend,p3b2b2[3],1,8,3,-2.447,-50.551,0.267,0.798,-1.32,-57.871,-2.5995,0.798,7.94162144968
87,85,p3b2b1b2[3],proxDend,p3b2b1b2[2],1,8,3,13.84,-42.548,38.529,1.155,15.72,-46.257,49.443,1.155,11.6793183448
88,86,p3b2b1b1[3],proxDend,p3b2b1b1[2],1,8,3,6.646,-52.399,27.599,1.872,5.796,-57.13,34.512,1.872,8.41988301581
89,87,p3b1b2[3],proxDend,p3b1b2[2],1,8,3,-8.257,-61.827,22.59,1.16,-6.63,-68.77,28.575,1.16,9.3098121893
90,88,p3b1b1b2[1],distDend,p3b1b1b2[0],1,8,3,-33.167,-33.256,11.73,0.736,-38.954,-32.828,8.505,0.736,6.63876328844
91,89,p3b1b1b1[1],proxDend,p3b1b1b1[0],1,8,3,-30.611,-30.863,8.85,1.008,-35.407,-33.999,7.644,1.008,5.85581318008
92,90,p2b1b2[3],proxDend,p2b1b2[2],1,8,3,-42.638,-20.758,12.333,3.638,-43.836,-18.436,11.055,3.638,2.90863748171
93,91,p2b1b1b2[2],distDend,p2b1b1b2[1],1,8,3,-25.23,-25.484,25.781,1.34,-22.214,-30.134,29.46,1.34,6.6523527417
94,92,p1b2b2[1],distDend,p1b2b2[0],1,8,3,-4.281,57.838,49.176,1.647,-4.573,60.373,54.779,1.647,6.15671162229
95,93,p1b2b1[1],distDend,p1b2b1[0],1,8,3,-10.35,62.312,47.625,1.51,-7.44,70.96,50.52,1.51,9.57272317577
96,94,p1b1[3],distDend,p1b1[2],1,8,3,-20.502,63.164,36.75,1.16,-18.84,68.88,48.135,1.16,12.8473003001
97,95,p0b2b2b2[1],proxDend,p0b2b2b2[0],1,8,3,-9.248,44.294,44.4,1.368,-10.526,49.714,49.943,1.368,7.85713261947
98,96,p0b2b2b1[1],proxDend,p0b2b2b1[0],1,8,3,-7.532,37.28,45.423,0.93,-6.86,41.88,47.115,0.93,4.94716565318
99,97,p0b2b1b2[4],distDend,p0b2b1b2[3],1,8,3,-7.205,64.539,23.229,1.207,-6.685,75.921,23.31,1.207,11.394160127
100,98,p0b2b1b1[4],proxDend,p0b2b1b1[3],1,8,3,-40.34,37.195,27.225,1.51,-50.12,40.03,30.615,1.51,10.7320885665
101,99,p0b1b2b2[0],distDend,p0b1b2[0],1,8,3,14.3,71.54,37.77,1.28,18.14,76.38,37.935,1.28,6.18048744032
102,100,p0b1b2b1[0],distDend,p0b1b2[0],1,8,3,14.3,71.54,37.77,1.408,15.664,81.758,40.995,1.408,10.801326076
103,101,p0b1b1[1],distDend,p0b1b1[0],1,8,3,21.045,68.362,36.855,1.169,26.943,65.671,44.745,1.169,10.2117571945
104,102,axIS[7],axIniSeg,axIS[6],1,9,6,19,0,0,1.5,21,0,0,1.5,2
105,103,p3b2b2[5],distDend,p3b2b2[4],1,9,4,-1.32,-57.871,-2.5995,0.775,2.026,-64.995,-3.225,0.775,7.89546339679
106,104,p3b2b1b2[4],distDend,p3b2b1b2[3],1,9,4,15.72,-46.257,49.443,1.292,20.172,-50.478,53.539,1.292,7.37660904481
107,105,p3b2b1b1[4],distDend,p3b2b1b1[3],1,9,4,5.796,-57.13,34.512,1.05,7.33,-62.43,41.34,1.05,8.77865251619
108,106,p3b1b2b2[0],distDend,p3b1b2[3],1,9,4,-6.63,-68.77,28.575,1.011,-1.624,-74.008,24.66,1.011,8.23552700196
109,107,p3b1b2b1[0],distDend,p3b1b2[3],1,9,4,-6.63,-68.77,28.575,1.248,-11.402,-75.451,31.038,1.248,8.57170426461
110,108,p3b1b1b2[2],distDend,p3b1b1b2[1],1,9,4,-38.954,-32.828,8.505,0.623,-42.879,-38.022,8.34,0.623,6.51233337599
111,109,p3b1b1b1[2],distDend,p3b1b1b1[1],1,9,4,-35.407,-33.999,7.644,0.7,-36.39,-38.24,2.385,0.7,6.82711146826
112,110,p2b1b2[4],proxDend,p2b1b2[3],1,9,4,-43.836,-18.436,11.055,1.407,-50.195,-18.226,15.81,1.407,7.9429847035
113,111,p2b1b1b2[3],distDend,p2b1b1b2[2],1,9,4,-22.214,-30.134,29.46,1.009,-24.731,-38.028,33.885,1.009,9.39314377618
114,112,p1b2b2[2],distDend,p1b2b2[1],1,9,4,-4.573,60.373,54.779,0.81,-1.4,56.56,61.575,0.81,8.41382873607
115,113,p1b2b1b2[0],distDend,p1b2b1[1],1,9,4,-7.44,70.96,50.52,1.1,-1.447,73.296,57.15,1.1,9.23741549352
116,114,p1b2b1b1[0],distDend,p1b2b1[1],1,9,4,-7.44,70.96,50.52,1.747,-12.55,73.681,57.15,1.747,8.80186576812
117,115,p1b1b2[0],distDend,p1b1[3],1,9,4,-18.84,68.88,48.135,1.173,-23.682,74.76,47.816,1.173,7.62372120424
118,116,p1b1b1[0],distDend,p1b1[3],1,9,4,-18.84,68.88,48.135,1.39,-25.011,68.245,53.595,1.39,8.26414339179
119,117,p0b2b2b2[2],distDend,p0b2b2b2[1],1,9,4,-10.526,49.714,49.943,0.98,-11.214,56.558,52.395,0.98,7.30246424161
120,118,p0b2b2b1b2[0],distDend,p0b2b2b1[1],1,9,4,-6.86,41.88,47.115,0.917,-5.914,46.97,57.071,0.917,11.2216287588
121,119,p0b2b2b1b1[0],proxDend,p0b2b2b1[1],1,9,4,-6.86,41.88,47.115,0.93,-4.65,40.26,51.375,0.93,5.0651850904
122,120,p0b2b1b2[5],distDend,p0b2b1b2[4],1,9,4,-6.685,75.921,23.31,1.292,-1.219,85.062,23.404,1.292,10.65100338
123,121,p0b2b1b1b2[0],distDend,p0b2b1b1[4],1,9,4,-50.12,40.03,30.615,1.336,-57.702,46.882,31.111,1.336,10.2314536602
124,122,p0b2b1b1b1[0],distDend,p0b2b1b1[4],1,9,4,-50.12,40.03,30.615,1.659,-53.07,35.616,25.86,1.659,7.12712571799
125,123,p0b1b2b2b2[0],distDend,p0b1b2b2[0],1,9,4,18.14,76.38,37.935,1.269,12.183,81.457,33,1.269,9.25289160209
126,124,p0b1b2b2b1[0],distDend,p0b1b2b2[0],1,9,4,18.14,76.38,37.935,1.16,18.83,78.34,41.34,1.16,3.98895036319
127,125,p0b1b2b1[1],distDend,p0b1b2b1[0],1,9,4,15.664,81.758,40.995,1.506,11.361,87.651,47.763,1.506,9.95234052874
128,126,p0b1b1[2],distDend,p0b1b1[1],1,9,4,26.943,65.671,44.745,1.236,29.804,59.304,42.171,1.236,7.43972351637
129,127,axIS[8],axIniSeg,axIS[7],1,10,2,21,0,0,1.5,23,0,0,1.5,2
130,128,p3b2b2[6],distDend,p3b2b2[5],1,10,3,2.026,-64.995,-3.225,0.7,3.72,-71.93,0,0.7,7.83354874881
131,129,p3b2b1b2[5],distDend,p3b2b1b2[4],1,10,3,20.172,-50.478,53.539,0.81,24.77,-54.54,59.37,0.81,8.4641602655
132,130,p3b2b1b1b2[0],distDend,p3b2b1b1[4],1,10,3,7.33,-62.43,41.34,0.86,13.297,-67.227,40.32,0.86,7.72377485431
133,131,p3b2b1b1b1[0],distDend,p3b2b1b1[4],1,10,3,7.33,-62.43,41.34,1.151,4.429,-68.449,45.541,1.151,7.89256377865
134,132,p3b1b2b2[1],distDend,p3b1b2b2[0],1,10,3,-1.624,-74.008,24.66,0.76,1.18,-82.445,24.66,0.76,8.89074715645
135,133,p3b1b2b1[1],distDend,p3b1b2b1[0],1,10,3,-11.402,-75.451,31.038,1.138,-14.197,-80.852,37.589,1.138,8.93859200322
136,134,p3b1b1b2[3],distDend,p3b1b1b2[2],1,10,3,-42.879,-38.022,8.34,0.58,-45.35,-42.73,5.61,0.58,5.97695616514
137,135,p3b1b1b1b2[0],distDend,p3b1b1b1[2],1,10,3,-36.39,-38.24,2.385,0.839,-40.053,-33.917,-1.02,0.839,6.61059172843
138,136,p3b1b1b1b1[0],distDend,p3b1b1b1[2],1,10,3,-36.39,-38.24,2.385,0.748,-40.159,-42.144,-0.855,0.748,6.32014058388
139,137,p2b1b2[5],distDend,p2b1b2[4],1,10,3,-50.195,-18.226,15.81,0.93,-55.93,-23.5,17.52,0.93,7.97680393391
140,138,p2b1b1b2[4],distDend,p2b1b1b2[3],1,10,3,-24.731,-38.028,33.885,1.224,-24.42,-45.68,38.13,1.224,8.75613213697
141,139,p1b2b2b2[0],distDend,p1b2b2[2],1,10,3,-1.4,56.56,61.575,0.98,-0.758,51.935,61.099,0.98,4.69354503547
142,140,p1b2b2b1[0],distDend,p1b2b2[2],1,10,3,-1.4,56.56,61.575,0.9,-6.202,52.312,65.751,0.9,7.65138444989
143,141,p1b2b1b2[1],distDend,p1b2b1b2[0],1,10,3,-1.447,73.296,57.15,0.929,6.612,68.803,56.496,0.929,9.24998627026
144,142,p1b2b1b1[1],distDend,p1b2b1b1[0],1,10,3,-12.55,73.681,57.15,1.16,-10.12,81.09,60.045,1.16,8.31740380167
145,143,p1b1b2[1],distDend,p1b1b2[0],1,10,3,-23.682,74.76,47.816,1.092,-30.718,79.954,49.5,1.092,8.90610958837
146,144,p1b1b1[1],distDend,p1b1b1[0],1,10,3,-25.011,68.245,53.595,1.187,-31.477,68.592,54.945,1.187,6.61453437515
147,145,p0b2b2b2[3],distDend,p0b2b2b2[2],1,10,3,-11.214,56.558,52.395,0.929,-12.028,62.855,56.31,0.929,7.45935855151
148,146,p0b2b2b1b2[1],distDend,p0b2b2b1b2[0],1,10,3,-5.914,46.97,57.071,0.81,-7.91,50.98,62.085,0.81,6.7234152036
149,147,p0b2b1b2[6],distDend,p0b2b1b2[5],1,10,3,-1.219,85.062,23.404,1.288,1.985,93.655,27.129,1.288,9.8985296888
150,148,p0b2b1b1b2[1],distDend,p0b2b1b1b2[0],1,10,3,-57.702,46.882,31.111,1.714,-62.929,51.078,34.71,1.714,7.60793966853
151,149,p0b2b1b1b1[1],distDend,p0b2b1b1b1[0],1,10,3,-53.07,35.616,25.86,1.06,-48.49,28.235,23.31,1.06,9.05306914808
152,150,p0b1b2b2b2[1],distDend,p0b1b2b2b2[0],1,10,3,12.183,81.457,33,0.876,8.111,88.392,30.024,0.876,8.57507929992
153,151,p0b1b2b2b1b2[0],distDend,p0b1b2b2b1[0],1,10,3,18.83,78.34,41.34,1.038,22.09,85.803,39.81,1.038,8.28642679326
154,152,p0b1b2b2b1b1[0],distDend,p0b1b2b2b1[0],1,10,3,18.83,78.34,41.34,1.246,24.832,83.216,47.076,1.246,9.62813979957
155,153,p0b1b2b1[2],distDend,p0b1b2b1[1],1,10,3,11.361,87.651,47.763,1.14,12.223,95.92,48.825,1.14,8.38136319461
156,154,p0b1b1[3],distDend,p0b1b1[2],1,10,3,29.804,59.304,42.171,1.108,30.633,51.361,41.02,1.108,8.06866104134
157,155,axIS[9],axIniSeg,axIS[8],1,11,6,23,0,0,1.5,25,0,0,1.5,2
158,156,p3b2b1b2b2[0],distDend,p3b2b1b2[5],1,11,4,24.77,-54.54,59.37,0.856,29.221,-60.42,63.78,0.856,8.59266553521
159,157,p3b2b1b2b1[0],distDend,p3b2b1b2[5],1,11,4,24.77,-54.54,59.37,1.17,26.499,-52.043,68.272,1.17,9.40585211451
160,158,p3b2b1b1b2[1],distDend,p3b2b1b1b2[0],1,11,4,13.297,-67.227,40.32,0.814,18.496,-72.062,36.915,0.814,7.87406191238
161,159,p3b2b1b1b1[1],distDend,p3b2b1b1b1[0],1,11,4,4.429,-68.449,45.541,0.98,6.124,-70.562,55.477,0.98,10.2986353465
162,160,p3b1b2b2[2],distDend,p3b1b2b2[1],1,11,4,1.18,-82.445,24.66,0.832,5.82,-89.027,23.13,0.832,8.19714730867
163,161,p3b1b2b1[2],distDend,p3b1b2b1[1],1,11,4,-14.197,-80.852,37.589,0.95,-15.942,-87.299,45.075,0.95,10.0323990152
164,162,p3b1b1b1b2[1],distDend,p3b1b1b1b2[0],1,11,4,-40.053,-33.917,-1.02,0.47,-45.93,-29.72,-2.895,0.47,7.46120385729
165,163,p3b1b1b1b1[1],distDend,p3b1b1b1b1[0],1,11,4,-40.159,-42.144,-0.855,0.58,-46.16,-43.77,-0.855,0.58,6.21738506126
166,164,p2b1b2b2[0],distDend,p2b1b2[5],1,11,4,-55.93,-23.5,17.52,1.019,-63.133,-24.187,19.05,1.019,7.39567968479
167,165,p2b1b2b1[0],distDend,p2b1b2[5],1,11,4,-55.93,-23.5,17.52,0.81,-55.11,-30.18,15.3,0.81,7.08683286102
168,166,p2b1b1b2[5],distDend,p2b1b1b2[4],1,11,4,-24.42,-45.68,38.13,1.464,-24.689,-52.188,41.19,1.464,7.19652867708
169,167,p1b2b2b2[1],distDend,p1b2b2b2[0],1,11,4,-0.758,51.935,61.099,0.81,2.44,49.88,62.775,0.81,4.15441993544
170,168,p1b2b2b1[1],distDend,p1b2b2b1[0],1,11,4,-6.202,52.312,65.751,0.72,-12.974,54.229,69.915,0.72,8.17763835102
171,169,p1b2b1b2[2],distDend,p1b2b1b2[1],1,11,4,6.612,68.803,56.496,0.866,15.674,68.454,55.142,0.866,9.16923993579
172,170,p1b2b1b1b2[0],distDend,p1b2b1b1[1],1,11,4,-10.12,81.09,60.045,0.814,-5.973,85.163,62.943,0.814,6.49502440334
173,171,p1b2b1b1b1[0],distDend,p1b2b1b1[1],1,11,4,-10.12,81.09,60.045,1.266,-11.76,86.164,59.431,1.266,5.36768777035
174,172,p1b1b2[2],distDend,p1b1b2[1],1,11,4,-30.718,79.954,49.5,0.81,-36.74,85.24,49.335,0.81,8.01458077506
175,173,p1b1b1[2],distDend,p1b1b1[1],1,11,4,-31.477,68.592,54.945,0.81,-36.63,65.54,54.6,0.81,5.99892807091
176,174,p0b2b2b2[4],distDend,p0b2b2b2[3],1,11,4,-12.028,62.855,56.31,0.772,-13.19,70.862,58.86,0.772,8.48320652819
177,175,p0b2b2b1b2b2[0],distDend,p0b2b2b1b2[1],1,11,4,-7.91,50.98,62.085,0.959,-10.422,57.43,70.101,0.959,10.590982013
178,176,p0b2b2b1b2b1[0],distDend,p0b2b2b1b2[1],1,11,4,-7.91,50.98,62.085,0.868,-3.405,53.201,69.288,0.868,8.78129119207
179,177,p0b2b1b2[7],distDend,p0b2b1b2[6],1,11,4,1.985,93.655,27.129,1.271,8.226,98.281,34.846,1.271,10.9499792694
180,178,p0b2b1b1b2[2],distDend,p0b2b1b1b2[1],1,11,4,-62.929,51.078,34.71,1.301,-67.91,58.314,35.895,1.301,8.8642135579
181,179,p0b2b1b1b1[2],distDend,p0b2b1b1b1[1],1,11,4,-48.49,28.235,23.31,0.81,-45,19.76,23.31,0.81,9.16546370895
182,180,p0b1b2b2b2[2],distDend,p0b1b2b2b2[1],1,11,4,8.111,88.392,30.024,0.808,5,94.956,31.65,0.808,7.44367469735
183,181,p0b1b2b2b1b2[1],distDend,p0b1b2b2b1b2[0],1,11,4,22.09,85.803,39.81,1.022,21.019,94.066,39.465,1.022,8.3392586601
184,182,p0b1b2b2b1b1[1],distDend,p0b1b2b2b1b1[0],1,11,4,24.832,83.216,47.076,0.81,29.65,85.48,52.05,0.81,7.28556765119
185,183,p0b1b2b1[3],distDend,p0b1b2b1[2],1,11,4,12.223,95.92,48.825,1.009,5.924,99.73,45.992,1.009,7.88792685057
186,184,p0b1b1[4],distDend,p0b1b1[3],1,11,4,30.633,51.361,41.02,0.58,35.93,48.5,34.365,0.58,8.9739932583
187,185,axIN[0],axNode,axIS[9],1,12,2,25,0,0,1.5,0,75,0,1.5,79.0569415042
188,186,p3b2b1b2b2[1],distDend,p3b2b1b2b2[0],1,12,3,29.221,-60.42,63.78,0.798,34.919,-64.003,71.61,0.798,10.3254052221
189,187,p3b2b1b2b1[1],distDend,p3b2b1b2b1[0],1,12,3,26.499,-52.043,68.272,0.938,31.749,-50.28,77.565,0.938,10.8180644295
190,188,p3b2b1b1b2[2],distDend,p3b2b1b1b2[1],1,12,3,18.496,-72.062,36.915,0.58,22.21,-77.41,36.735,0.58,6.5136241832
191,189,p3b2b1b1b1[2],distDend,p3b2b1b1b1[1],1,12,3,6.124,-70.562,55.477,0.841,5.776,-74.677,63.27,0.841,8.81959058007
192,190,p3b1b2b2[3],distDend,p3b1b2b2[2],1,12,3,5.82,-89.027,23.13,0.833,11.134,-94.879,25.86,0.833,8.36285836302
193,191,p3b1b2b1[3],distDend,p3b1b2b1[2],1,12,3,-15.942,-87.299,45.075,0.762,-20.078,-91.695,49.674,0.762,7.58828788331
194,192,p2b1b2b2[1],distDend,p2b1b2b2[0],1,12,3,-63.133,-24.187,19.05,1.093,-68.14,-27.443,19.395,1.093,5.98252538649
195,193,p2b1b2b1b2[0],distDend,p2b1b2b1[0],1,12,3,-55.11,-30.18,15.3,0.929,-54.886,-36.318,13.605,0.929,6.37167521143
196,194,p2b1b2b1b1[0],distDend,p2b1b2b1[0],1,12,3,-55.11,-30.18,15.3,0.81,-55.93,-33.29,14.28,0.81,3.37415174525
197,195,p2b1b1b2[6],distDend,p2b1b1b2[5],1,12,3,-24.689,-52.188,41.19,1.152,-27.601,-59.635,46.251,1.152,9.46315349131
198,196,p1b2b2b2b2[0],distDend,p1b2b2b2[1],1,12,3,2.44,49.88,62.775,0.812,6.431,45.827,65.939,0.812,6.50890052159
199,197,p1b2b2b2b1[0],distDend,p1b2b2b2[1],1,12,3,2.44,49.88,62.775,0.7,6.74,49.42,62.595,0.7,4.32827910375
200,198,p1b2b2b1[2],distDend,p1b2b2b1[1],1,12,3,-12.974,54.229,69.915,0.731,-18.694,53.126,74.208,0.731,7.23635667999
201,199,p1b2b1b2[3],distDend,p1b2b1b2[2],1,12,3,15.674,68.454,55.142,1.095,19.88,67.5,60.735,1.095,7.06273325279
202,200,p1b2b1b1b2[1],distDend,p1b2b1b1b2[0],1,12,3,-5.973,85.163,62.943,0.831,-4.4,87.938,70.56,0.831,8.2579442357
203,201,p1b2b1b1b1[1],distDend,p1b2b1b1b1[0],1,12,3,-11.76,86.164,59.431,1.05,-9.53,91.69,63.96,1.05,7.48474562026
204,202,p1b1b2b2[0],distDend,p1b1b2[2],1,12,3,-36.74,85.24,49.335,1.1,-38.449,91.923,48.246,1.1,6.98348702297
205,203,p1b1b2b1[0],distDend,p1b1b2[2],1,12,3,-36.74,85.24,49.335,1.122,-42.805,83.561,44.235,1.122,8.10020160243
206,204,p1b1b1b2[0],distDend,p1b1b1[2],1,12,3,-36.63,65.54,54.6,0.583,-38.91,63.6,64.421,0.583,10.2671340207
207,205,p1b1b1b1[0],distDend,p1b1b1[2],1,12,3,-36.63,65.54,54.6,0.865,-42.803,63.001,52.074,0.865,7.13674477616
208,206,p0b2b2b2[5],distDend,p0b2b2b2[4],1,12,3,-13.19,70.862,58.86,0.871,-18.283,75.766,55.965,0.871,7.63995353389
209,207,p0b2b2b1b2b2[1],distDend,p0b2b2b1b2b2[0],1,12,3,-10.422,57.43,70.101,1.932,-10.673,59.987,75.348,1.932,5.84228200278
210,208,p0b2b2b1b2b1[1],distDend,p0b2b2b1b2b1[0],1,12,3,-3.405,53.201,69.288,0.889,1.705,52.377,75.87,0.889,8.37339835431
211,209,p0b2b1b2[8],distDend,p0b2b1b2[7],1,12,3,8.226,98.281,34.846,1.022,11.039,105.62,39.002,1.022,8.89079445269
212,210,p0b2b1b1b2[3],distDend,p0b2b1b1b2[2],1,12,3,-67.91,58.314,35.895,1.368,-75.571,59.977,38.1,1.368,8.14361805342
213,211,p0b1b2b2b2[3],distDend,p0b1b2b2b2[2],1,12,3,5,94.956,31.65,0.532,2.581,101.75,30.795,0.532,7.26230142586
214,212,p0b1b2b2b1b2[2],distDend,p0b1b2b2b1b2[1],1,12,3,21.019,94.066,39.465,0.93,24.65,101.37,39.975,0.93,8.17267869184
215,213,p0b1b2b2b1b1b2[0],distDend,p0b1b2b2b1b1[1],1,12,3,29.65,85.48,52.05,1.278,34.135,87.229,54.198,1.278,5.27144477349
216,214,p0b1b2b2b1b1b1[0],distDend,p0b1b2b2b1b1[1],1,12,3,29.65,85.48,52.05,1.884,28.14,86.13,56.642,1.884,4.87740340755
217,215,p0b1b2b1[4],distDend,p0b1b2b1[3],1,12,3,5.924,99.73,45.992,0.81,4.76,106.44,51.54,0.81,8.78403665748
218,216,axIN[1],axNode,axIN[0],1,13,6,0,75,0,1.5,0,125,0,1.5,50
219,217,p3b2b1b2b2[2],distDend,p3b2b1b2b2[1],1,13,4,34.919,-64.003,71.61,0.815,40.987,-67.629,78.24,0.815,9.69151174998
220,218,p3b2b1b2b1[2],distDend,p3b2b1b2b1[1],1,13,4,31.749,-50.28,77.565,0.7,33.95,-44.86,83.685,0.7,8.46612077637
221,219,p3b2b1b1b1[3],distDend,p3b2b1b1b1[2],1,13,4,5.776,-74.677,63.27,0.734,6.195,-79.596,68.864,0.734,7.46089525459
222,220,p3b1b2b2[4],distDend,p3b1b2b2[3],1,13,4,11.134,-94.879,25.86,0.755,14.906,-99.618,31.47,0.755,8.25579826546
223,221,p3b1b2b1[4],distDend,p3b1b2b1[3],1,13,4,-20.078,-91.695,49.674,0.748,-20.902,-98.022,52.612,0.748,7.02436822782
224,222,p2b1b2b2[2],distDend,p2b1b2b2[1],1,13,4,-68.14,-27.443,19.395,0.935,-74.158,-29.892,17.544,0.935,6.75574762702
225,223,p2b1b2b1b2[1],distDend,p2b1b2b1b2[0],1,13,4,-54.886,-36.318,13.605,0.899,-55.128,-42.739,14.467,0.899,6.48312031355
226,224,p2b1b1b2[7],distDend,p2b1b1b2[6],1,13,4,-27.601,-59.635,46.251,1.087,-25.602,-66.031,53.265,1.087,9.7005676638
227,225,p1b2b2b2b2[1],distDend,p1b2b2b2b2[0],1,13,4,6.431,45.827,65.939,0.543,8.049,42.177,71.037,0.543,6.47533999107
228,226,p1b2b2b1[3],distDend,p1b2b2b1[2],1,13,4,-18.694,53.126,74.208,0.611,-22.154,51.147,81.933,0.611,8.6927363931
229,227,p1b2b1b2[4],distDend,p1b2b1b2[3],1,13,4,19.88,67.5,60.735,0.876,25.203,69.013,63.965,0.876,6.40752666791
230,228,p1b2b1b1b2[2],distDend,p1b2b1b1b2[1],1,13,4,-4.4,87.938,70.56,0.81,-3.72,92.61,78.075,0.81,8.87497656335
231,229,p1b2b1b1b1b2[0],distDend,p1b2b1b1b1[1],1,13,4,-9.53,91.69,63.96,1.148,-6.895,98.815,71.011,1.148,10.3646249812
232,230,p1b2b1b1b1b1[0],distDend,p1b2b1b1b1[1],1,13,4,-9.53,91.69,63.96,0.47,-5.12,93.3,66.855,0.47,5.51554394416
233,231,p1b1b2b2[1],distDend,p1b1b2b2[0],1,13,4,-38.449,91.923,48.246,0.939,-41.195,98.342,50.175,0.939,7.24328088645
234,232,p1b1b2b1[1],distDend,p1b1b2b1[0],1,13,4,-42.805,83.561,44.235,0.976,-50.47,80.734,42.87,0.976,8.28295714102
235,233,p1b1b1b2[1],distDend,p1b1b1b2[0],1,13,4,-38.91,63.6,64.421,0.58,-40.93,59.44,72.3,0.58,9.13589847798
236,234,p1b1b1b1[1],distDend,p1b1b1b1[0],1,13,4,-42.803,63.001,52.074,0.895,-48.95,64.083,49.611,0.895,6.70989582632
237,235,p0b2b2b2[6],distDend,p0b2b2b2[5],1,13,4,-18.283,75.766,55.965,0.733,-25.147,81.111,55.965,0.733,8.69962763571
238,236,p0b2b2b1b2b2[2],distDend,p0b2b2b1b2b2[1],1,13,4,-10.673,59.987,75.348,1.363,-12.416,63.626,82.314,1.363,8.05018794812
239,237,p0b2b2b1b2b1[2],distDend,p0b2b2b1b2b1[1],1,13,4,1.705,52.377,75.87,0.7,4.07,53.97,82.5,0.7,7.21718601672
240,238,p0b2b1b2[9],distDend,p0b2b1b2[8],1,13,4,11.039,105.62,39.002,1.02,12.286,113.38,40.995,1.02,8.10830796159
241,239,p0b2b1b1b2[4],distDend,p0b2b1b1b2[3],1,13,4,-75.571,59.977,38.1,1.05,-79.36,63.02,44.91,1.05,8.36615024967
242,240,p0b1b2b2b2[4],distDend,p0b1b2b2b2[3],1,13,4,2.581,101.75,30.795,0.538,2.161,108.49,30.795,0.538,6.7530733744
243,241,p0b1b2b2b1b2b2[0],distDend,p0b1b2b2b1b2[2],1,13,4,24.65,101.37,39.975,1.018,30.889,101.01,40.923,1.018,6.32087217083
244,242,p0b1b2b2b1b2b1[0],distDend,p0b1b2b2b1b2[2],1,13,4,24.65,101.37,39.975,1.189,25.393,109.84,38.991,1.189,8.55927596237
245,243,p0b1b2b2b1b1b2[1],distDend,p0b1b2b2b1b1b2[0],1,13,4,34.135,87.229,54.198,0.745,36.332,93.407,58.766,0.745,7.99131509828
246,244,p0b1b2b2b1b1b1[1],distDend,p0b1b2b2b1b1b1[0],1,13,4,28.14,86.13,56.642,0.47,28.72,79.72,57.495,0.47,6.49246555632
247,245,p0b1b2b1b2[0],distDend,p0b1b2b1[4],1,13,4,4.76,106.44,51.54,0.958,1.216,113.62,54.27,0.958,8.45962386871
248,246,p0b1b2b1b1[0],distDend,p0b1b2b1[4],1,13,4,4.76,106.44,51.54,0.955,9.071,105.96,56.073,0.955,6.27401067898
249,247,axIN[2],axNode,axIN[1],1,14,2,0,125,0,1.5,0,175,0,1.5,50
250,248,p3b2b1b2b2[3],distDend,p3b2b1b2b2[2],1,14,3,40.987,-67.629,78.24,0.692,45.437,-73.072,82.906,0.692,8.43802731686
251,249,p3b2b1b1b1[4],distDend,p3b2b1b1b1[3],1,14,3,6.195,-79.596,68.864,0.665,7.36,-85.04,72.829,0.665,6.83488010136
252,250,p3b1b2b2[5],distDend,p3b1b2b2[4],1,14,3,14.906,-99.618,31.47,0.682,20.6,-103.7,35.385,0.682,8.02568283699
253,251,p3b1b2b1[5],distDend,p3b1b2b1[4],1,14,3,-20.902,-98.022,52.612,0.47,-19.65,-100.33,63.105,0.47,10.8165344265
254,252,p2b1b2b2[3],distDend,p2b1b2b2[2],1,14,3,-74.158,-29.892,17.544,1.041,-79.866,-25.943,17.01,1.041,6.96139504697
255,253,p2b1b2b1b2[2],distDend,p2b1b2b1b2[1],1,14,3,-55.128,-42.739,14.467,0.7,-56.86,-48.38,18.195,0.7,6.97987743445
256,254,p2b1b1b2[8],distDend,p2b1b1b2[7],1,14,3,-25.602,-66.031,53.265,0.943,-28.84,-73.55,57.288,0.943,9.12165193372
257,255,p1b2b2b2b2[2],distDend,p1b2b2b2b2[1],1,14,3,8.049,42.177,71.037,0.47,10.35,36.86,72.3,0.47,5.92960867174
258,256,p1b2b2b1[4],distDend,p1b2b2b1[3],1,14,3,-22.154,51.147,81.933,0.546,-24.278,45.236,80.667,0.546,6.40734367738
259,257,p1b2b1b2[5],distDend,p1b2b1b2[4],1,14,3,25.203,69.013,63.965,0.523,30.049,72.62,71.644,0.523,9.77042506752
260,258,p1b2b1b1b2b2[0],distDend,p1b2b1b1b2[2],1,14,3,-3.72,92.61,78.075,0.838,2.09,98.984,82.155,0.838,9.54098401634
261,259,p1b2b1b1b2b1[0],distDend,p1b2b1b1b2[2],1,14,3,-3.72,92.61,78.075,0.7,-1.86,96.07,84.03,0.7,7.13394876629
262,260,p1b2b1b1b1b2[1],distDend,p1b2b1b1b1b2[0],1,14,3,-6.895,98.815,71.011,1.365,-9.605,105.06,73.485,1.365,7.24325900407
263,261,p1b1b2b2[2],distDend,p1b1b2b2[1],1,14,3,-41.195,98.342,50.175,0.627,-45.678,104.16,51.005,0.627,7.39157040148
264,262,p1b1b2b1[2],distDend,p1b1b2b1[1],1,14,3,-50.47,80.734,42.87,1.017,-52.505,86.652,37.935,1.017,7.96982898185
265,263,p1b1b1b1[2],distDend,p1b1b1b1[1],1,14,3,-48.95,64.083,49.611,0.999,-51.963,68.036,45.175,0.999,6.66201726206
266,264,p0b2b2b2[7],distDend,p0b2b2b2[6],1,14,3,-25.147,81.111,55.965,0.769,-28.961,88.419,54.6,0.769,8.355637917
267,265,p0b2b2b1b2b2[3],distDend,p0b2b2b1b2b2[2],1,14,3,-12.416,63.626,82.314,1.078,-13.767,66.833,90.807,1.078,9.17829499417
268,266,p0b2b1b2[10],distDend,p0b2b1b2[9],1,14,3,12.286,113.38,40.995,1.034,14.064,122.34,45.163,1.034,10.0406726866
269,267,p0b2b1b1b2b2[0],distDend,p0b2b1b1b2[4],1,14,3,-79.36,63.02,44.91,0.728,-82.123,59.551,38.1,0.728,8.12676011705
270,268,p0b2b1b1b2b1[0],distDend,p0b2b1b1b2[4],1,14,3,-79.36,63.02,44.91,1.05,-82.09,63.65,45.075,1.05,2.80660381957
271,269,p0b1b2b2b2[5],distDend,p0b1b2b2b2[4],1,14,3,2.161,108.49,30.795,0.47,2.67,114.74,30.795,0.47,6.27069222654
272,270,p0b1b2b2b1b2b2[1],distDend,p0b1b2b2b1b2b2[0],1,14,3,30.889,101.01,40.923,1.011,35.177,98.26,46.547,1.011,7.58807090109
273,271,p0b1b2b2b1b2b1[1],distDend,p0b1b2b2b1b2b1[0],1,14,3,25.393,109.84,38.991,0.93,19.65,115.08,35.22,0.93,8.64060703886
274,272,p0b1b2b2b1b1b2[2],distDend,p0b1b2b2b1b1b2[1],1,14,3,36.332,93.407,58.766,0.735,40.057,98.452,61.791,0.735,6.96263419978
275,273,p0b1b2b1b2[1],distDend,p0b1b2b1b2[0],1,14,3,1.216,113.62,54.27,0.7,-0.35,121.99,54.6,0.7,8.52162871756
276,274,p0b1b2b1b1[1],distDend,p0b1b2b1b1[0],1,14,3,9.071,105.96,56.073,0.7,10.35,109.55,61.92,0.7,6.97935168909
277,275,axIN[3],axNode,axIN[2],1,15,6,0,175,0,1.5,0,225,0,1.5,50
278,276,p3b2b1b2b2[4],distDend,p3b2b1b2b2[3],1,15,4,45.437,-73.072,82.906,0.559,50.904,-76.171,87.169,0.559,7.59375131276
279,277,p3b2b1b1b1[5],distDend,p3b2b1b1b1[4],1,15,4,7.36,-85.04,72.829,0.47,9.07,-89.62,77.565,0.47,6.80662882784
280,278,p3b1b2b2[6],distDend,p3b1b2b2[5],1,15,4,20.6,-103.7,35.385,0.691,23.93,-107.56,43.388,0.691,9.48875697866
281,279,p3b1b2b1b2[0],distDend,p3b1b2b1[5],1,15,4,-19.65,-100.33,63.105,0.488,-23.479,-104.28,62.76,0.488,5.51205642206
282,280,p3b1b2b1b1[0],distDend,p3b1b2b1[5],1,15,4,-19.65,-100.33,63.105,0.437,-20.084,-106.29,61.92,0.437,6.09214092089
283,281,p2b1b2b2[4],distDend,p2b1b2b2[3],1,15,4,-79.866,-25.943,17.01,0.988,-85.868,-21.744,19.905,0.988,7.87633353788
284,282,p2b1b1b2[9],distDend,p2b1b1b2[8],1,15,4,-28.84,-73.55,57.288,0.976,-28.95,-81.62,60.363,0.976,8.63670220628
285,283,p1b2b2b1[5],distDend,p1b2b2b1[4],1,15,4,-24.278,45.236,80.667,0.519,-27.273,40.076,76.2,0.519,7.45316805124
286,284,p1b2b1b2[6],distDend,p1b2b1b2[5],1,15,4,30.049,72.62,71.644,0.575,36.039,74.732,74.34,0.575,6.89993188372
287,285,p1b2b1b1b2b2[1],distDend,p1b2b1b1b2b2[0],1,15,4,2.09,98.984,82.155,0.764,6.854,105,85.521,0.764,8.37961264021
288,286,p1b2b1b1b1b2[2],distDend,p1b2b1b1b1b2[1],1,15,4,-9.605,105.06,73.485,1.05,-10.12,111.62,78.075,1.05,8.02290003677
289,287,p1b1b2b2[3],distDend,p1b1b2b2[2],1,15,4,-45.678,104.16,51.005,0.81,-48.84,110.81,53.58,0.81,7.80072874801
290,288,p1b1b2b1[3],distDend,p1b1b2b1[2],1,15,4,-52.505,86.652,37.935,0.916,-55.298,92.683,41.401,0.916,7.4957965554
291,289,p1b1b1b1[3],distDend,p1b1b1b1[2],1,15,4,-51.963,68.036,45.175,0.47,-52.32,73.26,41.67,0.47,6.30100388827
292,290,p0b2b2b2[8],distDend,p0b2b2b2[7],1,15,4,-28.961,88.419,54.6,0.838,-34.508,93.422,52.398,0.838,7.78768399462
293,291,p0b2b2b1b2b2[4],distDend,p0b2b2b1b2b2[3],1,15,4,-13.767,66.833,90.807,1.008,-14.241,71.71,97.635,1.008,8.40424827096
294,292,p0b2b1b2[11],distDend,p0b2b1b2[10],1,15,4,14.064,122.34,45.163,1.107,17.525,130.55,44.565,1.107,8.92973823804
295,293,p0b2b1b1b2b2[1],distDend,p0b2b1b1b2b2[0],1,15,4,-82.123,59.551,38.1,0.47,-82.15,56.1,34.2,0.47,5.20769910805
296,294,p0b2b1b1b2b1b2[0],distDend,p0b2b1b1b2b1[0],1,15,4,-82.09,63.65,45.075,1.051,-87.64,65.504,39.975,1.051,7.76207549564
297,295,p0b2b1b1b2b1b1[0],distDend,p0b2b1b1b2b1[0],1,15,4,-82.09,63.65,45.075,1.237,-87.381,64.945,48.99,1.237,6.70812425347
298,296,p0b1b2b2b1b2b2[2],distDend,p0b1b2b2b1b2b2[1],1,15,4,35.177,98.26,46.547,0.81,40.34,98.96,47.625,0.81,5.32058765551
299,297,p0b1b2b2b1b2b1b2[0],distDend,p0b1b2b2b1b2b1[1],1,15,4,19.65,115.08,35.22,0.7,20.58,110.59,28.92,0.7,7.79198305953
300,298,p0b1b2b2b1b2b1b1[0],distDend,p0b1b2b2b1b2b1[1],1,15,4,19.65,115.08,35.22,0.7,19.18,117.96,28.245,0.7,7.56081510156
301,299,p0b1b2b2b1b1b2[3],distDend,p0b1b2b2b1b1b2[2],1,15,4,40.057,98.452,61.791,0.524,45.167,102.77,65.433,0.524,7.61717716743
302,300,p0b1b2b1b2b2[0],distDend,p0b1b2b1b2[1],1,15,4,-0.35,121.99,54.6,0.691,-2.077,127.64,52.83,0.691,6.16748968382
303,301,p0b1b2b1b2b1[0],distDend,p0b1b2b1b2[1],1,15,4,-0.35,121.99,54.6,0.805,-6.285,127.03,57.953,0.805,8.47752522851
304,302,axIN[4],axNode,axIN[3],1,16,2,0,225,0,1.5,0,275,0,1.5,50
305,303,p3b2b1b2b2[5],distDend,p3b2b1b2b2[4],1,16,3,50.904,-76.171,87.169,0.552,52.147,-80.942,94.132,0.552,8.5317559154
306,304,p3b2b1b1b1b2[0],distDend,p3b2b1b1b1[5],1,16,3,9.07,-89.62,77.565,0.55,7.778,-92.129,86.001,0.55,8.89552927037
307,305,p3b2b1b1b1b1[0],distDend,p3b2b1b1b1[5],1,16,3,9.07,-89.62,77.565,0.477,12.442,-89.49,84.148,0.477,7.39751127069
308,306,p3b1b2b2[7],distDend,p3b1b2b2[6],1,16,3,23.93,-107.56,43.388,0.58,29.42,-110.81,49.665,0.58,8.95004631273
309,307,p3b1b2b1b2[1],distDend,p3b1b2b1b2[0],1,16,3,-23.479,-104.28,62.76,0.516,-25.252,-107.83,67.829,0.516,6.43745213574
310,308,p3b1b2b1b1[1],distDend,p3b1b2b1b1[0],1,16,3,-20.084,-106.29,61.92,0.404,-19.243,-111.41,64.551,0.404,5.81754604623
311,309,p2b1b2b2[5],distDend,p2b1b2b2[4],1,16,3,-85.868,-21.744,19.905,0.7,-91.62,-17.17,19.725,0.7,7.35114820963
312,310,p2b1b1b2[10],distDend,p2b1b1b2[9],1,16,3,-28.95,-81.62,60.363,0.965,-31.569,-87.851,63.501,0.965,7.45195048293
313,311,p1b2b2b1[6],distDend,p1b2b2b1[5],1,16,3,-27.273,40.076,76.2,0.622,-32.626,38.56,76.04,0.622,5.56583012676
314,312,p1b2b1b2[7],distDend,p1b2b1b2[6],1,16,3,36.039,74.732,74.34,0.47,41.86,78.56,79.095,0.47,8.43490663849
315,313,p1b2b1b1b2b2[2],distDend,p1b2b1b1b2b2[1],1,16,3,6.854,105,85.521,0.556,10.81,108.48,91.35,0.556,7.85732632643
316,314,p1b2b1b1b1b2b2[0],distDend,p1b2b1b1b1b2[2],1,16,3,-10.12,111.62,78.075,0.887,-6.177,118.26,86.063,0.887,11.1105802279
317,315,p1b2b1b1b1b2b1[0],distDend,p1b2b1b1b1b2[2],1,16,3,-10.12,111.62,78.075,0.855,-10.546,115,67.246,0.855,11.3522296048
318,316,p1b1b2b2b2[0],distDend,p1b1b2b2[3],1,16,3,-48.84,110.81,53.58,1.111,-48.166,116.58,59.078,1.111,7.99844859957
319,317,p1b1b2b2b1[0],distDend,p1b1b2b2[3],1,16,3,-48.84,110.81,53.58,0.942,-54.025,115.28,51.529,0.942,7.14644848859
320,318,p1b1b2b1[4],distDend,p1b1b2b1[3],1,16,3,-55.298,92.683,41.401,0.779,-56.576,99.403,40.65,0.779,6.88154670114
321,319,p0b2b2b2[9],distDend,p0b2b2b2[8],1,16,3,-34.508,93.422,52.398,0.848,-41.685,95.67,52.56,0.848,7.52257116949
322,320,p0b2b2b1b2b2[5],distDend,p0b2b2b1b2b2[4],1,16,3,-14.241,71.71,97.635,0.76,-16.75,77.24,104.7,0.76,9.31612612624
323,321,p0b2b1b2[12],distDend,p0b2b1b2[11],1,16,3,17.525,130.55,44.565,1.16,22.79,137.83,47.97,1.16,9.60794723133
324,322,p0b2b1b1b2b1b2[1],distDend,p0b2b1b1b2b1b2[0],1,16,3,-87.64,65.504,39.975,0.824,-95.466,66.986,41.505,0.824,8.11070280555
325,323,p0b2b1b1b2b1b1[1],distDend,p0b2b1b1b2b1b1[0],1,16,3,-87.381,64.945,48.99,1.048,-92.526,61.399,50.19,1.048,6.36279349028
326,324,p0b1b2b2b1b2b2b2[0],distDend,p0b1b2b2b1b2b2[2],1,16,3,40.34,98.96,47.625,1.07,45.217,102.22,44.565,1.07,6.61636826363
327,325,p0b1b2b2b1b2b2b1[0],distDend,p0b1b2b2b1b2b2[2],1,16,3,40.34,98.96,47.625,0.905,45.813,96.353,51.201,0.905,7.03832039623
328,326,p0b1b2b2b1b1b2[4],distDend,p0b1b2b2b1b1b2[3],1,16,3,45.167,102.77,65.433,0.452,48.845,103.37,70.838,0.452,6.56518918235
329,327,p0b1b2b1b2b2[1],distDend,p0b1b2b1b2b2[0],1,16,3,-2.077,127.64,52.83,0.543,-2.711,133.78,51.03,0.543,6.42973996364
330,328,p0b1b2b1b2b1[1],distDend,p0b1b2b1b2b1[0],1,16,3,-6.285,127.03,57.953,0.7,-12.91,125.33,52.395,0.7,8.81317133613
331,329,axIN[5],axNode,axIN[4],1,17,6,0,275,0,1.5,0,325,0,1.5,50
332,330,p3b2b1b2b2[6],distDend,p3b2b1b2b2[5],1,17,4,52.147,-80.942,94.132,0.47,53.72,-85.3,103.42,0.47,10.3794719037
333,331,p3b2b1b1b1b2[1],distDend,p3b2b1b1b1b2[0],1,17,4,7.778,-92.129,86.001,0.47,7.44,-97.57,91.68,0.47,7.87208777898
334,332,p3b2b1b1b1b1[1],distDend,p3b2b1b1b1b1[0],1,17,4,12.442,-89.49,84.148,0.488,17.076,-91.21,87.435,0.488,5.93605298157
335,333,p3b1b2b2b2[0],distDend,p3b1b2b2[7],1,17,4,29.42,-110.81,49.665,0.69,34.745,-109.13,51.54,0.69,5.89013157748
336,334,p3b1b2b2b1[0],distDend,p3b1b2b2[7],1,17,4,29.42,-110.81,49.665,0.47,30.93,-116.57,50.01,0.47,5.96462278774
337,335,p3b1b2b1b2[2],distDend,p3b1b2b1b2[1],1,17,4,-25.252,-107.83,67.829,0.35,-27.79,-108.97,72.465,0.35,5.40680497152
338,336,p3b1b2b1b1[2],distDend,p3b1b2b1b1[1],1,17,4,-19.243,-111.41,64.551,0.43,-20.578,-115.08,69.57,0.43,6.35936207493
339,337,p2b1b1b2[11],distDend,p2b1b1b2[10],1,17,4,-31.569,-87.851,63.501,0.88,-33.604,-94.18,68.415,0.88,8.26709513675
340,338,p1b2b2b1[7],distDend,p1b2b2b1[6],1,17,4,-32.626,38.56,76.04,0.694,-35.679,37.87,70.206,0.694,6.62060911095
341,339,p1b2b1b1b2b2[3],distDend,p1b2b1b1b2b2[2],1,17,4,10.81,108.48,91.35,0.555,13.841,114.14,93.429,0.555,6.74868890971
342,340,p1b2b1b1b1b2b2[1],distDend,p1b2b1b1b1b2b2[0],1,17,4,-6.177,118.26,86.063,1.236,-1.226,122.87,89.507,1.236,7.59115518218
343,341,p1b2b1b1b1b2b1[1],distDend,p1b2b1b1b1b2b1[0],1,17,4,-10.546,115,67.246,0.47,-13.95,120.14,62.595,0.47,7.72260428871
344,342,p1b1b2b2b2[1],distDend,p1b1b2b2b2[0],1,17,4,-48.166,116.58,59.078,0.856,-51.128,120.93,62.832,0.856,6.46439943073
345,343,p1b1b2b2b1[1],distDend,p1b1b2b2b1[0],1,17,4,-54.025,115.28,51.529,0.694,-58.641,120.93,52.23,0.694,7.32948545261
346,344,p1b1b2b1[5],distDend,p1b1b2b1[4],1,17,4,-56.576,99.403,40.65,0.734,-59.888,105.12,41.34,0.734,6.64300632244
347,345,p0b2b2b2[10],distDend,p0b2b2b2[9],1,17,4,-41.685,95.67,52.56,0.847,-45.742,100.75,50.264,0.847,6.89472733326
348,346,p0b2b2b1b2b2[6],distDend,p0b2b2b1b2b2[5],1,17,4,-16.75,77.24,104.7,0.554,-18.353,83.909,107.85,0.554,7.54769302502
349,347,p0b2b1b2b2[0],distDend,p0b2b1b2[12],1,17,4,22.79,137.83,47.97,0.811,23.95,143.59,53.044,0.811,7.76329028183
350,348,p0b2b1b2b1[0],distDend,p0b2b1b2[12],1,17,4,22.79,137.83,47.97,0.882,30.767,141.26,51.03,0.882,9.20657531333
351,349,p0b2b1b1b2b1b2[2],distDend,p0b2b1b1b2b1b2[1],1,17,4,-95.466,66.986,41.505,0.854,-102.93,68.727,43.24,0.854,7.8582823823
352,350,p0b2b1b1b2b1b1[2],distDend,p0b2b1b1b2b1b1[1],1,17,4,-92.526,61.399,50.19,1.001,-98.327,59.811,54.264,1.001,7.26435275851
353,351,p0b1b2b2b1b2b2b2[1],distDend,p0b1b2b2b1b2b2b2[0],1,17,4,45.217,102.22,44.565,0.891,48.828,105.84,50.654,0.891,7.95107804012
354,352,p0b1b2b2b1b2b2b1[1],distDend,p0b1b2b2b1b2b2b1[0],1,17,4,45.813,96.353,51.201,0.919,50.645,94.986,53.428,0.919,5.49330883894
355,353,p0b1b2b2b1b1b2[5],distDend,p0b1b2b2b1b1b2[4],1,17,4,48.845,103.37,70.838,0.468,52.514,107.1,76.089,0.468,7.41265552957
356,354,p0b1b2b1b2b2[2],distDend,p0b1b2b1b2b2[1],1,17,4,-2.711,133.78,51.03,0.79,-3.751,137.97,50.7,0.79,4.32973440294
357,355,p0b1b2b1b2b1b3[0],distDend,p0b1b2b1b2b1[1],1,17,4,-12.91,125.33,52.395,0.765,-16.458,121.1,51.54,0.765,5.58679058136
358,356,p0b1b2b1b2b1b2[0],distDend,p0b1b2b1b2b1[1],1,17,4,-12.91,125.33,52.395,0.7,-8.26,123.72,57.675,0.7,7.21754806011
359,357,p0b1b2b1b2b1b1[0],distDend,p0b1b2b1b2b1[1],1,17,4,-12.91,125.33,52.395,0.7,-11.63,127.87,52.905,0.7,2.88965395852
360,358,axIN[6],axNode,axIN[5],1,18,2,0,325,0,1.5,0,375,0,1.5,50
361,359,p3b2b1b1b1b2b2[0],distDend,p3b2b1b1b1b2[1],1,18,3,7.44,-97.57,91.68,0.601,6.25,-101.27,98.468,0.601,7.82195908964
362,360,p3b2b1b1b1b2b1[0],distDend,p3b2b1b1b1b2[1],1,18,3,7.44,-97.57,91.68,0.634,10.906,-98.482,96.45,0.634,5.9663891928
363,361,p3b2b1b1b1b1[2],distDend,p3b2b1b1b1b1[1],1,18,3,17.076,-91.21,87.435,0.47,20.81,-94.8,90.33,0.47,5.93395997627
364,362,p3b1b2b2b2[1],distDend,p3b1b2b2b2[0],1,18,3,34.745,-109.13,51.54,0.708,40.316,-108.98,51.54,0.708,5.57301902024
365,363,p3b1b2b1b1[3],distDend,p3b1b2b1b1[2],1,18,3,-20.578,-115.08,69.57,0.492,-20.157,-118.14,74.445,0.492,5.77117544353
366,364,p2b1b1b2[12],distDend,p2b1b1b2[11],1,18,3,-33.604,-94.18,68.415,0.753,-36.44,-98.99,73.515,0.753,7.56234064295
367,365,p1b2b2b1[8],distDend,p1b2b2b1[7],1,18,3,-35.679,37.87,70.206,0.53,-40.846,37.368,66.345,0.53,6.46971514056
368,366,p1b2b1b1b2b2[4],distDend,p1b2b1b1b2b2[3],1,18,3,13.841,114.14,93.429,0.637,16.61,117.37,99.165,0.637,7.14156544463
369,367,p1b2b1b1b1b2b2[2],distDend,p1b2b1b1b1b2b2[1],1,18,3,-1.226,122.87,89.507,0.88,0.865,128.2,95.859,0.88,8.55155453704
370,368,p1b1b2b2b2[2],distDend,p1b1b2b2b2[1],1,18,3,-51.128,120.93,62.832,0.708,-50.058,126.77,67.392,0.708,7.48626074887
371,369,p1b1b2b2b1[2],distDend,p1b1b2b2b1[1],1,18,3,-58.641,120.93,52.23,0.684,-62.356,127.28,53.58,0.684,7.47972091725
372,370,p1b1b2b1[6],distDend,p1b1b2b1[5],1,18,3,-59.888,105.12,41.34,0.58,-62.44,111.27,42.36,0.58,6.73614162559
373,371,p0b2b2b2[11],distDend,p0b2b2b2[10],1,18,3,-45.742,100.75,50.264,0.47,-46.63,106.85,51.21,0.47,6.2364621381
374,372,p0b2b2b1b2b2[7],distDend,p0b2b2b1b2b2[6],1,18,3,-18.353,83.909,107.85,0.592,-22.634,88.33,109.6,0.592,6.39802328849
375,373,p0b2b1b2b2[1],distDend,p0b2b1b2b2[0],1,18,3,23.95,143.59,53.044,0.742,23.11,147.58,60,0.742,8.06297935009
376,374,p0b2b1b2b1[1],distDend,p0b2b1b2b1[0],1,18,3,30.767,141.26,51.03,1.308,29.773,144.43,49.322,1.308,3.73553209061
377,375,p0b2b1b1b2b1b2[3],distDend,p0b2b1b1b2b1b2[2],1,18,3,-102.93,68.727,43.24,0.858,-110.08,68.096,47.46,0.858,8.32640744859
378,376,p0b2b1b1b2b1b1[3],distDend,p0b2b1b1b2b1b1[2],1,18,3,-98.327,59.811,54.264,0.58,-103.49,59.39,57.495,0.58,6.10517575505
379,377,p0b1b2b2b1b2b2b2[2],distDend,p0b1b2b2b1b2b2b2[1],1,18,3,48.828,105.84,50.654,0.869,53.357,109.88,49.185,0.869,6.24430956952
380,378,p0b1b2b2b1b2b2b1[2],distDend,p0b1b2b2b1b2b2b1[1],1,18,3,50.645,94.986,53.428,0.7,55.11,95.84,60.555,0.7,8.45338216337
381,379,p0b1b2b2b1b1b2[6],distDend,p0b1b2b2b1b1b2[5],1,18,3,52.514,107.1,76.089,0.47,55.58,108.63,86.07,0.47,10.5528013816
382,380,p0b1b2b1b2b2[3],distDend,p0b1b2b1b2b2[2],1,18,3,-3.751,137.97,50.7,0.59,-4.126,143.01,46.438,0.59,6.61111707656
383,381,p0b1b2b1b2b1b3[1],distDend,p0b1b2b1b2b1b3[0],1,18,3,-16.458,121.1,51.54,0.7,-20.93,117.79,51.54,0.7,5.56371135125
384,382,axIN[7],axNode,axIN[6],1,19,6,0,375,0,1.5,0,425,0,1.5,50
385,383,p3b2b1b1b1b2b2[1],distDend,p3b2b1b1b1b2b2[0],1,19,4,6.25,-101.27,98.468,0.588,8.115,-104.86,105.31,0.588,7.94854005463
386,384,p3b2b1b1b1b2b1[1],distDend,p3b2b1b1b1b2b1[0],1,19,4,10.906,-98.482,96.45,0.493,13.968,-98.693,104.48,0.493,8.59658449618
387,385,p3b1b2b2b2[2],distDend,p3b1b2b2b2[1],1,19,4,40.316,-108.98,51.54,0.66,45.022,-109.35,46.022,0.66,7.26165683574
388,386,p3b1b2b1b1[4],distDend,p3b1b2b1b1[3],1,19,4,-20.157,-118.14,74.445,0.389,-22.92,-119.35,81.662,0.389,7.82197916131
389,387,p2b1b1b2[13],distDend,p2b1b1b2[12],1,19,4,-36.44,-98.99,73.515,0.886,-37.633,-103.67,77.655,0.886,6.36123014833
390,388,p1b2b2b1[9],distDend,p1b2b2b1[8],1,19,4,-40.846,37.368,66.345,0.35,-46.16,34.9,64.47,0.35,6.15184890907
391,389,p1b2b1b1b2b2[5],distDend,p1b2b1b1b2b2[4],1,19,4,16.61,117.37,99.165,0.549,21.2,122.11,100.36,0.549,6.70549960853
392,390,p1b2b1b1b1b2b2[3],distDend,p1b2b1b1b1b2b2[2],1,19,4,0.865,128.2,95.859,0.626,-2.081,132.73,99.329,0.626,6.42189349024
393,391,p1b1b2b2b2[3],distDend,p1b1b2b2b2[2],1,19,4,-50.058,126.77,67.392,0.578,-49.303,132.24,74.331,0.578,8.86795613431
394,392,p1b1b2b2b1[3],distDend,p1b1b2b2b1[2],1,19,4,-62.356,127.28,53.58,0.653,-68.427,132.08,54.278,0.653,7.77073001719
395,393,p0b2b2b1b2b2[8],distDend,p0b2b2b1b2b2[7],1,19,4,-22.634,88.33,109.6,0.494,-23.274,92.242,115.28,0.494,6.92645248305
396,394,p0b2b1b2b2[2],distDend,p0b2b1b2b2[1],1,19,4,23.11,147.58,60,0.592,23.6,153.84,62.085,0.592,6.61626216228
397,395,p0b2b1b2b1[2],distDend,p0b2b1b2b1[1],1,19,4,29.773,144.43,49.322,0.491,30.284,151.92,47.115,0.491,7.82509233172
398,396,p0b2b1b1b2b1b2[4],distDend,p0b2b1b1b2b1b2[3],1,19,4,-110.08,68.096,47.46,0.984,-115.58,71.37,50.52,0.984,7.09455255813
399,397,p0b2b1b1b2b1b1b2[0],distDend,p0b2b1b1b2b1b1[3],1,19,4,-103.49,59.39,57.495,0.824,-108.41,65.527,57.151,0.824,7.87321440074
400,398,p0b2b1b1b2b1b1b1[0],distDend,p0b2b1b1b2b1b1[3],1,19,4,-103.49,59.39,57.495,0.672,-109.07,55.994,56.475,0.672,6.61132482941
401,399,p0b1b2b2b1b2b2b2[3],distDend,p0b1b2b2b1b2b2b2[2],1,19,4,53.357,109.88,49.185,0.7,59.53,111.05,52.74,0.7,7.21892332692
402,400,p0b1b2b2b1b1b2b2[0],distDend,p0b1b2b2b1b1b2[6],1,19,4,55.58,108.63,86.07,0.591,57.406,112.6,80.262,0.591,7.26829003274
403,401,p0b1b2b2b1b1b2b1[0],distDend,p0b1b2b2b1b1b2[6],1,19,4,55.58,108.63,86.07,0.35,56.627,106.97,80.547,0.35,5.86134267894
404,402,p0b1b2b1b2b2[4],distDend,p0b1b2b1b2b2[3],1,19,4,-4.126,143.01,46.438,0.47,-1.98,148.37,43.38,0.47,6.53347380801
405,403,p0b1b2b1b2b1b3b2[0],distDend,p0b1b2b1b2b1b3[1],1,19,4,-20.93,117.79,51.54,0.818,-21.484,113.67,50.31,0.818,4.33522963636
406,404,p0b1b2b1b2b1b3b1[0],distDend,p0b1b2b1b2b1b3[1],1,19,4,-20.93,117.79,51.54,0.947,-24.316,118.66,49.804,0.947,3.90327964666
407,405,axIN[8],axNode,axIN[7],1,20,2,0,425,0,1.5,0,475,0,1.5,50
408,406,p3b2b1b1b1b2b2[2],distDend,p3b2b1b1b1b2b2[1],1,20,3,8.115,-104.86,105.31,0.544,11.18,-109.84,109.84,0.544,7.39699432202
409,407,p3b2b1b1b1b2b1[2],distDend,p3b2b1b1b1b2b1[1],1,20,3,13.968,-98.693,104.48,0.47,17.56,-99.52,111.58,0.47,7.99977455932
410,408,p3b1b2b2b2[3],distDend,p3b1b2b2b2[2],1,20,3,45.022,-109.35,46.022,0.58,47.09,-107.36,42.18,0.58,4.79559047459
411,409,p3b1b2b1b1[5],distDend,p3b1b2b1b1[4],1,20,3,-22.92,-119.35,81.662,0.361,-25.104,-121.71,89.475,0.361,8.44881204667
412,410,p2b1b1b2[14],distDend,p2b1b1b2[13],1,20,3,-37.633,-103.67,77.655,0.661,-36.526,-110.37,82.21,0.661,8.17700886633
413,411,p1b2b1b1b2b2[6],distDend,p1b2b1b1b2b2[5],1,20,3,21.2,122.11,100.36,0.527,26.138,125.45,105.61,0.527,7.94367320577
414,412,p1b2b1b1b1b2b2[4],distDend,p1b2b1b1b1b2b2[3],1,20,3,-2.081,132.73,99.329,0.636,-4.793,137.05,103.42,0.636,6.53862562011
415,413,p1b1b2b2b2[4],distDend,p1b1b2b2b2[3],1,20,3,-49.303,132.24,74.331,0.634,-50.72,137.69,78.93,0.634,7.27057012895
416,414,p1b1b2b2b1[4],distDend,p1b1b2b2b1[3],1,20,3,-68.427,132.08,54.278,0.683,-73.021,136.89,49.335,0.683,8.28698889827
417,415,p0b2b2b1b2b2[9],distDend,p0b2b2b1b2b2[8],1,20,3,-23.274,92.242,115.28,0.443,-23.826,97.065,118.74,0.443,5.96134489859
418,416,p0b2b1b2b2[3],distDend,p0b2b1b2b2[2],1,20,3,23.6,153.84,62.085,0.621,25.152,158.79,64.305,0.621,5.64265930214
419,417,p0b2b1b2b1[3],distDend,p0b2b1b2b1[2],1,20,3,30.284,151.92,47.115,0.47,31.16,158.68,49.68,0.47,7.28314499375
420,418,p0b2b1b1b2b1b2[5],distDend,p0b2b1b1b2b1b2[4],1,20,3,-115.58,71.37,50.52,0.795,-123.52,73.809,51.375,0.795,8.35005065853
421,419,p0b2b1b1b2b1b1b2[1],distDend,p0b2b1b1b2b1b1b2[0],1,20,3,-108.41,65.527,57.151,0.931,-111.63,70.677,62.265,0.931,7.94001863978
422,420,p0b2b1b1b2b1b1b1[1],distDend,p0b2b1b1b2b1b1b1[0],1,20,3,-109.07,55.994,56.475,0.603,-112.89,50.869,53.773,0.603,6.9396562595
423,421,p0b1b2b2b1b1b2b2[1],distDend,p0b1b2b2b1b1b2b2[0],1,20,3,57.406,112.6,80.262,0.522,59.429,118.88,80.115,0.522,6.59943467276
424,422,p0b1b2b2b1b1b2b1[1],distDend,p0b1b2b2b1b1b2b1[0],1,20,3,56.627,106.97,80.547,0.35,59.41,106.21,79.95,0.35,2.94603088918
425,423,p0b1b2b1b2b1b3b2[1],distDend,p0b1b2b1b2b1b3b2[0],1,20,3,-21.484,113.67,50.31,0.47,-23.84,110.88,51.165,0.47,3.75044810656
426,424,p0b1b2b1b2b1b3b1[1],distDend,p0b1b2b1b2b1b3b1[0],1,20,3,-24.316,118.66,49.804,0.58,-25.35,122.45,52.56,0.58,4.79883235798
427,425,axIN[9],axNode,axIN[8],1,21,6,0,475,0,1.5,0,525,0,1.5,50
428,426,p3b2b1b1b1b2b2[3],distDend,p3b2b1b1b1b2b2[2],1,21,4,11.18,-109.84,109.84,0.606,15.12,-113.23,114.09,0.606,6.71403008632
429,427,p3b1b2b1b1[6],distDend,p3b1b2b1b1[5],1,21,4,-25.104,-121.71,89.475,0.418,-28.59,-125.55,90.977,0.418,5.39942589541
430,428,p2b1b1b2[15],distDend,p2b1b1b2[14],1,21,4,-36.526,-110.37,82.21,0.47,-36.74,-116.29,87.12,0.47,7.69417286003
431,429,p1b2b1b1b2b2[7],distDend,p1b2b1b1b2b2[6],1,21,4,26.138,125.45,105.61,0.706,28.984,129.59,103.85,0.706,5.32324299652
432,430,p1b2b1b1b1b2b2[5],distDend,p1b2b1b1b1b2b2[4],1,21,4,-4.793,137.05,103.42,0.562,-3.658,143.49,103.04,0.562,6.55028434497
433,431,p1b1b2b2b2[5],distDend,p1b1b2b2b2[4],1,21,4,-50.72,137.69,78.93,0.645,-53.935,141.04,83.247,0.645,6.33996955829
434,432,p1b1b2b2b1[5],distDend,p1b1b2b2b1[4],1,21,4,-73.021,136.89,49.335,0.632,-77.724,140.17,47.46,0.632,6.03259761628
435,433,p0b2b2b1b2b2[10],distDend,p0b2b2b1b2b2[9],1,21,4,-23.826,97.065,118.74,0.384,-24.871,103.08,120.44,0.384,6.33736932804
436,434,p0b2b1b2b2[4],distDend,p0b2b1b2b2[3],1,21,4,25.152,158.79,64.305,0.534,27.789,163.83,68.228,0.534,6.90979724739
437,435,p0b2b1b1b2b1b2[6],distDend,p0b2b1b1b2b1b2[5],1,21,4,-123.52,73.809,51.375,0.917,-129.09,75.661,57.675,0.917,8.6107377152
438,436,p0b2b1b1b2b1b1b2[2],distDend,p0b2b1b1b2b1b1b2[1],1,21,4,-111.63,70.677,62.265,0.839,-112.75,77.974,65.673,0.839,8.13111757386
439,437,p0b2b1b1b2b1b1b1[2],distDend,p0b2b1b1b2b1b1b1[1],1,21,4,-112.89,50.869,53.773,0.534,-114.06,44.954,53.415,0.534,6.04022259524
440,438,p0b1b2b2b1b1b2b2[2],distDend,p0b1b2b2b1b1b2b2[1],1,21,4,59.429,118.88,80.115,0.525,59.925,124.6,84.885,0.525,7.46440325813
441,439,axIN[10],axNode,axIN[9],1,22,2,0,525,0,1.5,0,575,0,1.5,50
442,440,p3b2b1b1b1b2b2[4],distDend,p3b2b1b1b1b2b2[3],1,22,3,15.12,-113.23,114.09,0.615,17.653,-116.28,117.38,0.615,5.15195972422
443,441,p3b1b2b1b1[7],distDend,p3b1b2b1b1[6],1,22,3,-28.59,-125.55,90.977,0.35,-27.79,-128.55,96.78,0.35,6.58139871152
444,442,p1b2b1b1b2b2[8],distDend,p1b2b1b1b2b2[7],1,22,3,28.984,129.59,103.85,0.541,30.143,136,101.24,0.541,7.01736994892
445,443,p1b2b1b1b1b2b2[6],distDend,p1b2b1b1b1b2b2[5],1,22,3,-3.658,143.49,103.04,0.581,-4.524,149.58,105.3,0.581,6.55329352311
446,444,p1b1b2b2b2[6],distDend,p1b1b2b2b2[5],1,22,3,-53.935,141.04,83.247,0.503,-52.817,145.87,90.354,0.503,8.66534898316
447,445,p1b1b2b2b1[6],distDend,p1b1b2b2b1[5],1,22,3,-77.724,140.17,47.46,0.597,-78.051,146.29,48.825,0.597,6.27889751469
448,446,p0b2b2b1b2b2[11],distDend,p0b2b2b1b2b2[10],1,22,3,-24.871,103.08,120.44,0.384,-27.389,109.19,120.78,0.384,6.61725199762
449,447,p0b2b1b2b2[5],distDend,p0b2b1b2b2[4],1,22,3,27.789,163.83,68.228,0.557,31.644,168.42,67.73,0.557,6.01474263789
450,448,p0b2b1b1b2b1b2[7],distDend,p0b2b1b1b2b1b2[6],1,22,3,-129.09,75.661,57.675,0.836,-135.58,80.19,57.675,0.836,7.91403443258
451,449,p0b2b1b1b2b1b1b2[3],distDend,p0b2b1b1b2b1b1b2[2],1,22,3,-112.75,77.974,65.673,0.73,-117.52,80.93,69.915,0.73,7.0345859864
452,450,p0b2b1b1b2b1b1b1[3],distDend,p0b2b1b1b2b1b1b1[2],1,22,3,-114.06,44.954,53.415,0.47,-115.35,39.8,55.11,0.47,5.57681279944
453,451,p0b1b2b2b1b1b2b2[3],distDend,p0b1b2b2b1b1b2b2[2],1,22,3,59.925,124.6,84.885,0.646,60.401,129.91,85.503,0.646,5.36699170858
454,452,axIN[11],axNode,axIN[10],1,23,6,0,575,0,1.5,0,625,0,1.5,50
455,453,p3b2b1b1b1b2b2[5],distDend,p3b2b1b1b1b2b2[4],1,23,4,17.653,-116.28,117.38,0.423,18.359,-120.85,121.72,0.423,6.34184011151
456,454,p1b2b1b1b2b2[9],distDend,p1b2b1b1b2b2[8],1,23,4,30.143,136,101.24,0.567,31.574,142.08,98.919,0.567,6.66342269408
457,455,p1b2b1b1b1b2b2[7],distDend,p1b2b1b1b1b2b2[6],1,23,4,-4.524,149.58,105.3,0.514,-5.744,154.88,112.26,0.514,8.83289307079
458,456,p1b1b2b2b2[7],distDend,p1b1b2b2b2[6],1,23,4,-52.817,145.87,90.354,0.47,-48.37,148.37,91.86,0.47,5.31919589788
459,457,p1b1b2b2b1[7],distDend,p1b1b2b2b1[6],1,23,4,-78.051,146.29,48.825,0.764,-76.747,150.19,45.015,0.764,5.60593578272
460,458,p0b2b2b1b2b2[12],distDend,p0b2b2b1b2b2[11],1,23,4,-27.389,109.19,120.78,0.616,-30.141,113.8,124.86,0.616,6.74329326071
461,459,p0b2b1b2b2[6],distDend,p0b2b1b2b2[5],1,23,4,31.644,168.42,67.73,0.47,29.76,174.58,69.915,0.47,6.80215267397
462,460,p0b2b1b1b2b1b2[8],distDend,p0b2b1b1b2b1b2[7],1,23,4,-135.58,80.19,57.675,0.969,-138.59,85.918,60.283,0.969,6.97651402923
463,461,p0b2b1b1b2b1b1b2[4],distDend,p0b2b1b1b2b1b1b2[3],1,23,4,-117.52,80.93,69.915,0.552,-123.98,80.9,70.191,0.552,6.46596288266
464,462,p0b1b2b2b1b1b2b2[4],distDend,p0b1b2b2b1b1b2b2[3],1,23,4,60.401,129.91,85.503,0.557,59.692,136.03,86.304,0.557,6.2127837561
465,463,axIN[12],axNode,axIN[11],1,24,2,0,625,0,1.5,0,675,0,1.5,50
466,464,p3b2b1b1b1b2b2[6],distDend,p3b2b1b1b1b2b2[5],1,24,3,18.359,-120.85,121.72,0.589,17.743,-124.61,122.98,0.589,4.01306067734
467,465,p1b2b1b1b2b2[10],distDend,p1b2b1b1b2b2[9],1,24,3,31.574,142.08,98.919,0.609,29.18,147.02,95.37,0.609,6.53683692622
468,466,p1b2b1b1b1b2b2[8],distDend,p1b2b1b1b1b2b2[7],1,24,3,-5.744,154.88,112.26,0.47,-5.27,161.23,115.5,0.47,7.14456268781
469,467,p1b1b2b2b1[8],distDend,p1b1b2b2b1[7],1,24,3,-76.747,150.19,45.015,0.35,-73.01,146.65,42.36,0.35,5.79187309944
470,468,p0b2b2b1b2b2[13],distDend,p0b2b2b1b2b2[12],1,24,3,-30.141,113.8,124.86,0.478,-32.944,121.03,124.86,0.478,7.7543348522
471,469,p0b2b1b1b2b1b2[9],distDend,p0b2b1b1b2b1b2[8],1,24,3,-138.59,85.918,60.283,0.609,-144.2,90.399,60.615,0.609,7.18760634704
472,470,p0b2b1b1b2b1b1b2[5],distDend,p0b2b1b1b2b1b1b2[4],1,24,3,-123.98,80.9,70.191,0.47,-128.95,78.28,72.63,0.47,6.12486905982
473,471,p0b1b2b2b1b1b2b2[5],distDend,p0b1b2b2b1b1b2b2[4],1,24,3,59.692,136.03,86.304,0.487,56.544,141.26,86.76,0.487,6.12133482175
474,472,axIN[13],axNode,axIN[12],1,25,6,0,675,0,1.5,0,725,0,1.5,50
475,473,p3b2b1b1b1b2b2[7],distDend,p3b2b1b1b1b2b2[6],1,25,4,17.743,-124.61,122.98,0.59,16.51,-127.36,126.72,0.59,4.80316447772
476,474,p1b2b1b1b2b2[11],distDend,p1b2b1b1b2b2[10],1,25,4,29.18,147.02,95.37,0.559,30.358,153.06,92.111,0.559,6.96350235155
477,475,p1b2b1b1b1b2b2b2[0],distDend,p1b2b1b1b1b2b2[8],1,25,4,-5.27,161.23,115.5,0.706,-4.883,167.19,117.26,0.706,6.22647323932
478,476,p1b2b1b1b1b2b2b1[0],distDend,p1b2b1b1b1b2b2[8],1,25,4,-5.27,161.23,115.5,0.5,-10.741,164.9,117.71,0.5,6.94872945221
479,477,p0b2b2b1b2b2[14],distDend,p0b2b2b1b2b2[13],1,25,4,-32.944,121.03,124.86,0.548,-36.234,126.39,128.59,0.548,7.31208588571
480,478,p0b2b1b1b2b1b2[10],distDend,p0b2b1b1b2b1b2[9],1,25,4,-144.2,90.399,60.615,0.47,-147.9,95.79,60.9,0.47,6.54477700155
481,479,p0b1b2b2b1b1b2b2[6],distDend,p0b1b2b2b1b1b2b2[5],1,25,4,56.544,141.26,86.76,0.35,57.9,145.84,88.455,0.35,5.06834894221
482,480,axIN[14],axNode,axIN[13],1,26,2,0,725,0,1.5,0,775,0,1.5,50
483,481,p3b2b1b1b1b2b2[8],distDend,p3b2b1b1b1b2b2[7],1,26,3,16.51,-127.36,126.72,0.457,18.935,-129.94,132.1,0.457,6.4406075024
484,482,p1b2b1b1b2b2[12],distDend,p1b2b1b1b2b2[11],1,26,3,30.358,153.06,92.111,0.646,29.861,157.49,86.925,0.646,6.83860402421
485,483,p1b2b1b1b1b2b2b2[1],distDend,p1b2b1b1b1b2b2b2[0],1,26,3,-4.883,167.19,117.26,0.58,-2.72,172.86,119.42,0.58,6.44151139097
486,484,p1b2b1b1b1b2b2b1[1],distDend,p1b2b1b1b1b2b2b1[0],1,26,3,-10.741,164.9,117.71,0.498,-15.123,170.05,118.56,0.498,6.8151980162
487,485,p0b2b2b1b2b2[15],distDend,p0b2b2b1b2b2[14],1,26,3,-36.234,126.39,128.59,0.526,-39.303,132.33,125.23,0.526,7.48277762599
488,486,axIN[15],axNode,axIN[14],1,27,6,0,775,0,1.5,0,825,0,1.5,50
489,487,p3b2b1b1b1b2b2[9],distDend,p3b2b1b1b1b2b2[8],1,27,4,18.935,-129.94,132.1,0.35,20.7,-130.86,136.25,0.35,4.6026215356
490,488,p1b2b1b1b2b2[13],distDend,p1b2b1b1b2b2[12],1,27,4,29.861,157.49,86.925,0.557,30.537,163.93,85.497,0.557,6.63096976316
491,489,p1b2b1b1b1b2b2b2b2[0],distDend,p1b2b1b1b1b2b2b2[1],1,27,4,-2.72,172.86,119.42,0.621,-2.99,177.62,124.15,0.621,6.71590649131
492,490,p1b2b1b1b1b2b2b2b1[0],distDend,p1b2b1b1b1b2b2b2[1],1,27,4,-2.72,172.86,119.42,0.632,1.223,179.06,117.54,0.632,7.5843028025
493,491,p1b2b1b1b1b2b2b1[2],distDend,p1b2b1b1b1b2b2b1[1],1,27,4,-15.123,170.05,118.56,0.557,-19.604,175.48,120.09,0.557,7.20452364838
494,492,p0b2b2b1b2b2[16],distDend,p0b2b2b1b2b2[15],1,27,4,-39.303,132.33,125.23,0.518,-41.866,138.95,123.84,0.518,7.23363456362
495,493,axIN[16],axNode,axIN[15],1,28,2,0,825,0,1.5,0,875,0,1.5,50
496,494,p1b2b1b1b2b2[14],distDend,p1b2b1b1b2b2[13],1,28,3,30.537,163.93,85.497,0.47,30.93,166.57,78.075,0.47,7.88734004592
497,495,p1b2b1b1b1b2b2b2b2[1],distDend,p1b2b1b1b1b2b2b2b2[0],1,28,3,-2.99,177.62,124.15,0.58,-0.62,181.5,127.06,0.58,5.3980922556
498,496,p1b2b1b1b1b2b2b2b1[1],distDend,p1b2b1b1b1b2b2b2b1[0],1,28,3,1.223,179.06,117.54,0.609,4.887,185.13,119.36,0.609,7.31998606556
499,497,p1b2b1b1b1b2b2b1[3],distDend,p1b2b1b1b1b2b2b1[2],1,28,3,-19.604,175.48,120.09,0.501,-25.448,178.82,120.78,0.501,6.76639017498
500,498,p0b2b2b1b2b2[17],distDend,p0b2b2b1b2b2[16],1,28,3,-41.866,138.95,123.84,0.513,-42.465,143.07,114.99,0.513,9.78037325464
501,499,axIN[17],axNode,axIN[16],1,29,6,0,875,0,1.5,0,925,0,1.5,50
502,500,p1b2b1b1b1b2b2b2b1[2],distDend,p1b2b1b1b1b2b2b2b1[1],1,29,4,4.887,185.13,119.36,0.47,10.19,187.95,120.44,0.47,6.10250841868
503,501,p1b2b1b1b1b2b2b1[4],distDend,p1b2b1b1b1b2b2b1[3],1,29,4,-25.448,178.82,120.78,0.52,-29.826,182.82,124.78,0.52,7.15310310285
504,502,p0b2b2b1b2b2[18],distDend,p0b2b2b1b2b2[17],1,29,4,-42.465,143.07,114.99,0.48,-43.72,150.64,116.36,0.48,7.79466644572
505,503,axIN[18],axNode,axIN[17],1,30,2,0,925,0,1.5,0,975,0,1.5,50
506,504,p1b2b1b1b1b2b2b1[5],distDend,p1b2b1b1b1b2b2b1[4],1,30,3,-29.826,182.82,124.78,0.47,-36.55,184.73,124.68,0.47,6.9907278591
507,505,p0b2b2b1b2b2[19],distDend,p0b2b2b1b2b2[18],1,30,3,-43.72,150.64,116.36,0.48,-45.47,158.17,116.36,0.48,7.73067914222
508,506,axIN[19],axNode,axIN[18],1,31,6,0,975,0,1.5,0,1025,0,1.5,50
509,507,p1b2b1b1b1b2b2b1b2[0],distDend,p1b2b1b1b1b2b2b1[5],1,31,4,-36.55,184.73,124.68,0.558,-39.368,190.25,127.92,0.558,6.99350584471
510,508,p1b2b1b1b1b2b2b1b1[0],distDend,p1b2b1b1b1b2b2b1[5],1,31,4,-36.55,184.73,124.68,0.47,-41.44,185.42,122.98,0.47,5.22285362613
511,509,p0b2b2b1b2b2[20],distDend,p0b2b2b1b2b2[19],1,31,4,-45.47,158.17,116.36,0.503,-46.4,165.48,116.7,0.503,7.37676080675
512,510,p1b2b1b1b1b2b2b1b2[1],distDend,p1b2b1b1b1b2b2b1b2[0],1,32,3,-39.368,190.25,127.92,0.539,-43.001,194.98,132.83,0.539,7.72526303759
513,511,p0b2b2b1b2b2[21],distDend,p0b2b2b1b2b2[20],1,32,3,-46.4,165.48,116.7,0.509,-46.4,172.66,114.83,0.509,7.41952154792
514,512,p1b2b1b1b1b2b2b1b2[2],distDend,p1b2b1b1b1b2b2b1b2[1],1,33,4,-43.001,194.98,132.83,0.47,-46.32,200.28,137.96,0.47,8.0884275975
515,513,p0b2b2b1b2b2[22],distDend,p0b2b2b1b2b2[21],1,33,4,-46.4,172.66,114.83,0.573,-47.603,179,114.51,0.573,6.46105324231
516,514,p0b2b2b1b2b2[23],distDend,p0b2b2b1b2b2[22],1,34,3,-47.603,179,114.51,0.597,-47.91,184.25,109.55,0.597,7.22899363674
517,515,p0b2b2b1b2b2[24],distDend,p0b2b2b1b2b2[23],1,35,4,-47.91,184.25,109.55,0.636,-50.529,189.42,108.63,0.636,5.86808835993
518,516,p0b2b2b1b2b2[25],distDend,p0b2b2b1b2b2[24],1,36,3,-50.529,189.42,108.63,0.47,-50.93,192.89,101.73,0.47,7.73380249295
